{
    "customers": [
        {
            "id": "customer_1",
            "name": "김철수",
            "age": 32,
            "smoking": true,
            "preferences": {
                "conversation": 70,
                "play": 80
            },
            "relationship": 50,
            "blacklisted": false
        },
        {
            "id": "customer_2",
            "name": "이영희",
            "age": 28,
            "smoking": false,
            "preferences": {
                "conversation": 85,
                "play": 60
            },
            "relationship": 40,
            "blacklisted": false
        }
    ]
}